9/04/2565,12:00:00,kubota,white,ป้าย 101,กรุงเทพมหานคร
9/04/2565,12:00:00,kubota,white,ป้าย 101,กรุงเทพมหานคร
9/04/2565,12:00:00,kubota,white,ป้าย 101,กรุงเทพมหานคร
9/04/2565,12:00:00,kubota,white,ป้าย 101,กรุงเทพมหานคร
9/04/2565,12:00:00,kubota,white,ป้าย 101,กรุงเทพมหานคร
9/04/2565,12:00:00,kubota,white,ป้าย 101,กรุงเทพมหานคร
9/04/2565,12:00:00,kubota,white,ป้าย 101,กรุงเทพมหานคร
9/04/2565,12:00:00,kubota,white,ป้าย 101,กรุงเทพมหานคร
9/04/2565,12:00:00,kubota,white,ป้าย 101,กรุงเทพมหานคร
9/04/2565,12:00:00,kubota,white,ป้าย 101,กรุงเทพมหานคร
9/04/2565,12:00:00,kubota,white,ป้าย 101,กรุงเทพมหานคร
9/04/2565,12:00:00,kubota,white,ป้าย 101,กรุงเทพมหานคร
9/04/2565,12:00:00,kubota,white,ป้าย 101,กรุงเทพมหานคร
9/04/2565,12:00:00,kubota,white,ป้าย 101,กรุงเทพมหานคร
9/04/2565,12:00:00,kubota,white,ป้าย 101,กรุงเทพมหานคร
9/04/2565,12:00:00,kubota,white,ป้าย 101,กรุงเทพมหานคร
9/04/2565,12:00:00,kubota,white,ป้าย 101,กรุงเทพมหานคร
9/04/2565,12:00:00,kubota,white,ป้าย 101,กรุงเทพมหานคร
9/04/2565,12:00:00,kubota,white,ป้าย 101,กรุงเทพมหานคร
9/04/2565,12:00:00,kubota,white,ป้าย 101,กรุงเทพมหานคร
9/04/2565,12:00:00,kubota,white,ป้าย 101,กรุงเทพมหานคร
9/04/2565,12:00:00,kubota,white,ป้าย 101,กรุงเทพมหานคร
9/04/2565,12:00:00,kubota,white,ป้าย 101,กรุงเทพมหานคร
9/04/2565,12:00:00,kubota,white,ป้าย 101,กรุงเทพมหานคร
9/04/2565,12:00:00,kubota,white,ป้าย 101,กรุงเทพมหานคร
9/04/2565,12:00:00,kubota,white,ป้าย 101,กรุงเทพมหานคร
9/04/2565,12:00:00,kubota,white,ป้าย 101,กรุงเทพมหานคร
9/04/2565,12:00:00,kubota,white,ป้าย 101,กรุงเทพมหานคร
9/04/2565,12:00:00,kubota,white,ป้าย 101,กรุงเทพมหานคร
9/04/2565,12:00:00,kubota,white,ป้าย 101,กรุงเทพมหานคร
9/04/2565,12:00:00,kubota,white,ป้าย 101,กรุงเทพมหานคร
9/04/2565,12:00:00,kubota,white,ป้าย 101,กรุงเทพมหานคร
9/04/2565,12:00:00,kubota,white,ป้าย 101,กรุงเทพมหานคร
9/04/2565,12:00:00,kubota,white,ป้าย 101,กรุงเทพมหานคร
9/04/2565,12:00:00,kubota,white,ป้าย 101,กรุงเทพมหานคร
9/04/2565,12:00:00,kubota,white,ป้าย 101,กรุงเทพมหานคร
9/04/2565,12:00:00,kubota,white,ป้าย 101,กรุงเทพมหานคร
9/04/2565,12:00:00,kubota,white,ป้าย 101,กรุงเทพมหานคร
9/04/2565,12:00:00,kubota,white,ป้าย 101,กรุงเทพมหานคร
9/04/2565,12:00:00,kubota,white,ป้าย 101,กรุงเทพมหานคร
9/04/2565,12:00:00,kubota,white,ป้าย 101,กรุงเทพมหานคร
9/04/2565,12:00:00,kubota,white,ป้าย 101,กรุงเทพมหานคร
9/04/2565,12:00:00,kubota,white,ป้าย 101,กรุงเทพมหานคร
9/04/2565,12:00:00,kubota,white,ป้าย 101,กรุงเทพมหานคร
9/04/2565,12:00:00,kubota,white,ป้าย 101,กรุงเทพมหานคร
9/04/2565,12:00:00,kubota,white,ป้าย 101,กรุงเทพมหานคร
9/04/2565,12:00:00,kubota,white,ป้าย 101,กรุงเทพมหานคร
9/04/2565,12:00:00,kubota,white,ป้าย 101,กรุงเทพมหานคร
9/04/2565,12:00:00,kubota,white,ป้าย 101,กรุงเทพมหานคร
9/04/2565,12:00:00,kubota,white,ป้าย 101,กรุงเทพมหานคร
9/04/2565,12:00:00,kubota,white,ป้าย 101,กรุงเทพมหานคร
9/04/2565,12:00:00,kubota,white,ป้าย 101,กรุงเทพมหานคร
9/04/2565,12:00:00,kubota,white,ป้าย 101,กรุงเทพมหานคร
9/04/2565,12:00:00,kubota,white,ป้าย 101,กรุงเทพมหานคร
9/04/2565,12:00:00,kubota,white,ป้าย 101,กรุงเทพมหานคร
9/04/2565,12:00:00,kubota,white,ป้าย 101,กรุงเทพมหานคร
9/04/2565,12:00:00,kubota,white,ป้าย 101,กรุงเทพมหานคร
9/04/2565,12:00:00,kubota,white,ป้าย 101,กรุงเทพมหานคร
9/04/2565,12:00:00,kubota,white,ป้าย 101,กรุงเทพมหานคร
9/04/2565,12:00:00,kubota,white,ป้าย 101,กรุงเทพมหานคร
9/04/2565,12:00:00,kubota,white,ป้าย 101,กรุงเทพมหานคร
9/04/2565,12:00:00,kubota,white,ป้าย 101,กรุงเทพมหานคร
9/04/2565,12:00:00,kubota,white,ป้าย 101,กรุงเทพมหานคร
9/04/2565,12:00:00,kubota,white,ป้าย 101,กรุงเทพมหานคร
9/04/2565,12:00:00,kubota,white,ป้าย 101,กรุงเทพมหานคร
9/04/2565,12:00:00,kubota,white,ป้าย 101,กรุงเทพมหานคร
9/04/2565,12:00:00,kubota,white,ป้าย 101,กรุงเทพมหานคร
9/04/2565,12:00:00,kubota,white,ป้าย 101,กรุงเทพมหานคร
9/04/2565,12:00:00,kubota,white,ป้าย 101,กรุงเทพมหานคร
9/04/2565,12:00:00,kubota,white,ป้าย 101,กรุงเทพมหานคร
9/04/2565,12:00:00,kubota,white,ป้าย 101,กรุงเทพมหานคร
9/04/2565,12:00:00,kubota,white,ป้าย 101,กรุงเทพมหานคร
9/04/2565,12:00:00,kubota,white,ป้าย 101,กรุงเทพมหานคร
9/04/2565,12:00:00,kubota,white,ป้าย 101,กรุงเทพมหานคร
9/04/2565,12:00:00,kubota,white,ป้าย 101,กรุงเทพมหานคร
9/04/2565,12:00:00,kubota,white,ป้าย 101,กรุงเทพมหานคร
9/04/2565,12:00:00,kubota,white,ป้าย 101,กรุงเทพมหานคร
9/04/2565,12:00:00,kubota,white,ป้าย 101,กรุงเทพมหานคร
9/04/2565,12:00:00,kubota,white,ป้าย 101,กรุงเทพมหานคร
9/04/2565,12:00:00,kubota,white,ป้าย 101,กรุงเทพมหานคร
9/04/2565,12:00:00,kubota,white,ป้าย 101,กรุงเทพมหานคร
9/04/2565,12:00:00,kubota,white,ป้าย 101,กรุงเทพมหานคร
9/04/2565,12:00:00,kubota,white,ป้าย 101,กรุงเทพมหานคร
9/04/2565,12:00:00,kubota,white,ป้าย 101,กรุงเทพมหานคร
9/04/2565,12:00:00,kubota,white,ป้าย 101,กรุงเทพมหานคร
9/04/2565,12:00:00,kubota,white,ป้าย 101,กรุงเทพมหานคร
9/04/2565,12:00:00,kubota,white,ป้าย 101,กรุงเทพมหานคร
9/04/2565,12:00:00,kubota,white,ป้าย 101,กรุงเทพมหานคร
9/04/2565,12:00:00,kubota,white,ป้าย 101,กรุงเทพมหานคร
9/04/2565,12:00:00,kubota,white,ป้าย 101,กรุงเทพมหานคร
9/04/2565,12:00:00,kubota,white,ป้าย 101,กรุงเทพมหานคร
9/04/2565,12:00:00,kubota,white,ป้าย 101,กรุงเทพมหานคร
9/04/2565,12:00:00,kubota,white,ป้าย 101,กรุงเทพมหานคร
9/04/2565,12:00:00,kubota,white,ป้าย 101,กรุงเทพมหานคร
9/04/2565,12:00:00,kubota,white,ป้าย 101,กรุงเทพมหานคร
9/04/2565,12:00:00,kubota,white,ป้าย 101,กรุงเทพมหานคร
9/04/2565,12:00:00,kubota,white,ป้าย 101,กรุงเทพมหานคร
9/04/2565,12:00:00,kubota,white,ป้าย 101,กรุงเทพมหานคร
9/04/2565,12:00:00,kubota,white,ป้าย 101,กรุงเทพมหานคร
9/04/2565,12:00:00,kubota,white,ป้าย 101,กรุงเทพมหานคร
9/04/2565,12:00:00,kubota,white,ป้าย 101,กรุงเทพมหานคร
9/04/2565,12:00:00,kubota,white,ป้าย 101,กรุงเทพมหานคร
9/04/2565,12:00:00,kubota,white,ป้าย 101,กรุงเทพมหานคร
9/04/2565,12:00:00,kubota,white,ป้าย 101,กรุงเทพมหานคร
9/04/2565,12:00:00,kubota,white,ป้าย 101,กรุงเทพมหานคร
9/04/2565,12:00:00,kubota,white,ป้าย 101,กรุงเทพมหานคร
9/04/2565,12:00:00,kubota,white,ป้าย 101,กรุงเทพมหานคร
9/04/2565,12:00:00,kubota,white,ป้าย 101,กรุงเทพมหานคร
9/04/2565,12:00:00,kubota,white,ป้าย 101,กรุงเทพมหานคร
9/04/2565,12:00:00,kubota,white,ป้าย 101,กรุงเทพมหานคร
9/04/2565,12:00:00,kubota,white,ป้าย 101,กรุงเทพมหานคร
9/04/2565,12:00:00,kubota,white,ป้าย 101,กรุงเทพมหานคร
9/04/2565,12:00:00,kubota,white,ป้าย 101,กรุงเทพมหานคร
9/04/2565,12:00:00,kubota,white,ป้าย 101,กรุงเทพมหานคร
9/04/2565,12:00:00,kubota,white,ป้าย 101,กรุงเทพมหานคร
9/04/2565,12:00:00,kubota,white,ป้าย 101,กรุงเทพมหานคร
9/04/2565,12:00:00,kubota,white,ป้าย 101,กรุงเทพมหานคร
9/04/2565,12:00:00,kubota,white,ป้าย 101,กรุงเทพมหานคร
9/04/2565,12:00:00,kubota,white,ป้าย 101,กรุงเทพมหานคร
9/04/2565,12:00:00,kubota,white,ป้าย 101,กรุงเทพมหานคร
9/04/2565,12:00:00,kubota,white,ป้าย 101,กรุงเทพมหานคร
9/04/2565,12:00:00,kubota,white,ป้าย 101,กรุงเทพมหานคร
9/04/2565,12:00:00,kubota,white,ป้าย 101,กรุงเทพมหานคร
9/04/2565,12:00:00,kubota,white,ป้าย 101,กรุงเทพมหานคร
9/04/2565,12:00:00,kubota,white,ป้าย 101,กรุงเทพมหานคร
9/04/2565,12:00:00,kubota,white,ป้าย 101,กรุงเทพมหานคร
9/04/2565,12:00:00,kubota,white,ป้าย 101,กรุงเทพมหานคร
9/04/2565,12:00:00,kubota,white,ป้าย 101,กรุงเทพมหานคร
9/04/2565,12:00:00,kubota,white,ป้าย 101,กรุงเทพมหานคร
9/04/2565,12:00:00,kubota,white,ป้าย 101,กรุงเทพมหานคร
9/04/2565,12:00:00,kubota,white,ป้าย 101,กรุงเทพมหานคร
9/04/2565,12:00:00,kubota,white,ป้าย 101,กรุงเทพมหานคร
9/04/2565,12:00:00,kubota,white,ป้าย 101,กรุงเทพมหานคร
9/04/2565,12:00:00,kubota,white,ป้าย 101,กรุงเทพมหานคร
9/04/2565,12:00:00,kubota,white,ป้าย 101,กรุงเทพมหานคร
9/04/2565,12:00:00,kubota,white,ป้าย 101,กรุงเทพมหานคร
9/04/2565,12:00:00,kubota,white,ป้าย 101,กรุงเทพมหานคร
9/04/2565,12:00:00,kubota,white,ป้าย 101,กรุงเทพมหานคร
9/04/2565,12:00:00,kubota,white,ป้าย 101,กรุงเทพมหานคร
9/04/2565,12:00:00,kubota,white,ป้าย 101,กรุงเทพมหานคร
9/04/2565,12:00:00,kubota,white,ป้าย 101,กรุงเทพมหานคร
9/04/2565,12:00:00,kubota,white,ป้าย 101,กรุงเทพมหานคร
9/04/2565,12:00:00,kubota,white,ป้าย 101,กรุงเทพมหานคร
9/04/2565,12:00:00,kubota,white,ป้าย 101,กรุงเทพมหานคร
9/04/2565,12:00:00,kubota,white,ป้าย 101,กรุงเทพมหานคร
9/04/2565,12:00:00,kubota,white,ป้าย 101,กรุงเทพมหานคร
9/04/2565,12:00:00,kubota,white,ป้าย 101,กรุงเทพมหานคร
9/04/2565,12:00:00,kubota,white,ป้าย 101,กรุงเทพมหานคร
9/04/2565,12:00:00,kubota,white,ป้าย 101,กรุงเทพมหานคร
9/04/2565,12:00:00,kubota,white,ป้าย 101,กรุงเทพมหานคร
9/04/2565,12:00:00,kubota,white,ป้าย 101,กรุงเทพมหานคร
9/04/2565,12:00:00,kubota,white,ป้าย 101,กรุงเทพมหานคร
9/04/2565,12:00:00,kubota,white,ป้าย 101,กรุงเทพมหานคร
9/04/2565,12:00:00,kubota,white,ป้าย 101,กรุงเทพมหานคร
9/04/2565,12:00:00,kubota,white,ป้าย 101,กรุงเทพมหานคร
9/04/2565,12:00:00,kubota,white,ป้าย 101,กรุงเทพมหานคร
9/04/2565,12:00:00,kubota,white,ป้าย 101,กรุงเทพมหานคร
9/04/2565,12:00:00,kubota,white,ป้าย 101,กรุงเทพมหานคร
9/04/2565,12:00:00,kubota,white,ป้าย 101,กรุงเทพมหานคร
9/04/2565,12:00:00,kubota,white,ป้าย 101,กรุงเทพมหานคร
9/04/2565,12:00:00,kubota,white,ป้าย 101,กรุงเทพมหานคร
9/04/2565,12:00:00,kubota,white,ป้าย 101,กรุงเทพมหานคร
9/04/2565,12:00:00,kubota,white,ป้าย 101,กรุงเทพมหานคร
9/04/2565,12:00:00,kubota,white,ป้าย 101,กรุงเทพมหานคร
9/04/2565,12:00:00,kubota,white,ป้าย 101,กรุงเทพมหานคร
9/04/2565,12:00:00,kubota,white,ป้าย 101,กรุงเทพมหานคร
9/04/2565,12:00:00,kubota,white,ป้าย 101,กรุงเทพมหานคร
9/04/2565,12:00:00,kubota,white,ป้าย 101,กรุงเทพมหานคร
9/04/2565,12:00:00,kubota,white,ป้าย 101,กรุงเทพมหานคร
9/04/2565,12:00:00,kubota,white,ป้าย 101,กรุงเทพมหานคร
9/04/2565,12:00:00,kubota,white,ป้าย 101,กรุงเทพมหานคร
9/04/2565,12:00:00,kubota,white,ป้าย 101,กรุงเทพมหานคร
9/04/2565,12:00:00,kubota,white,ป้าย 101,กรุงเทพมหานคร
9/04/2565,12:00:00,kubota,white,ป้าย 101,กรุงเทพมหานคร
9/04/2565,12:00:00,kubota,white,ป้าย 101,กรุงเทพมหานคร
9/04/2565,12:00:00,kubota,white,ป้าย 101,กรุงเทพมหานคร
9/04/2565,12:00:00,kubota,white,ป้าย 101,กรุงเทพมหานคร
9/04/2565,12:00:00,kubota,white,ป้าย 101,กรุงเทพมหานคร
9/04/2565,12:00:00,kubota,white,ป้าย 101,กรุงเทพมหานคร
9/04/2565,12:00:00,kubota,white,ป้าย 101,กรุงเทพมหานคร
9/04/2565,12:00:00,kubota,white,ป้าย 101,กรุงเทพมหานคร
9/04/2565,12:00:00,kubota,white,ป้าย 101,กรุงเทพมหานคร
9/04/2565,12:00:00,kubota,white,ป้าย 101,กรุงเทพมหานคร
9/04/2565,12:00:00,kubota,white,ป้าย 101,กรุงเทพมหานคร
9/04/2565,12:00:00,kubota,white,ป้าย 101,กรุงเทพมหานคร
9/04/2565,12:00:00,kubota,white,ป้าย 101,กรุงเทพมหานคร
9/04/2565,12:00:00,kubota,white,ป้าย 101,กรุงเทพมหานคร
9/04/2565,12:00:00,kubota,white,ป้าย 101,กรุงเทพมหานคร
9/04/2565,12:00:00,kubota,white,ป้าย 101,กรุงเทพมหานคร
9/04/2565,12:00:00,kubota,white,ป้าย 101,กรุงเทพมหานคร
9/04/2565,12:00:00,kubota,white,ป้าย 101,กรุงเทพมหานคร
9/04/2565,12:00:00,kubota,white,ป้าย 101,กรุงเทพมหานคร
9/04/2565,12:00:00,kubota,white,ป้าย 101,กรุงเทพมหานคร
9/04/2565,12:00:00,kubota,white,ป้าย 101,กรุงเทพมหานคร
9/04/2565,12:00:00,kubota,white,ป้าย 101,กรุงเทพมหานคร
9/04/2565,12:00:00,kubota,white,ป้าย 101,กรุงเทพมหานคร
9/04/2565,12:00:00,kubota,white,ป้าย 101,กรุงเทพมหานคร
9/04/2565,12:00:00,kubota,white,ป้าย 101,กรุงเทพมหานคร
9/04/2565,12:00:00,kubota,white,ป้าย 101,กรุงเทพมหานคร
9/04/2565,12:00:00,kubota,white,ป้าย 101,กรุงเทพมหานคร
9/04/2565,12:00:00,kubota,white,ป้าย 101,กรุงเทพมหานคร
9/04/2565,12:00:00,kubota,white,ป้าย 101,กรุงเทพมหานคร
9/04/2565,12:00:00,kubota,white,ป้าย 101,กรุงเทพมหานคร
9/04/2565,12:00:00,kubota,white,ป้าย 101,กรุงเทพมหานคร
9/04/2565,12:00:00,kubota,white,ป้าย 101,กรุงเทพมหานคร
9/04/2565,12:00:00,kubota,white,ป้าย 101,กรุงเทพมหานคร
9/04/2565,12:00:00,kubota,white,ป้าย 101,กรุงเทพมหานคร
9/04/2565,12:00:00,kubota,white,ป้าย 101,กรุงเทพมหานคร
9/04/2565,12:00:00,kubota,white,ป้าย 101,กรุงเทพมหานคร
9/04/2565,12:00:00,kubota,white,ป้าย 101,กรุงเทพมหานคร
9/04/2565,12:00:00,kubota,white,ป้าย 101,กรุงเทพมหานคร
9/04/2565,12:00:00,kubota,white,ป้าย 101,กรุงเทพมหานคร
9/04/2565,12:00:00,kubota,white,ป้าย 101,กรุงเทพมหานคร
9/04/2565,12:00:00,kubota,white,ป้าย 101,กรุงเทพมหานคร
9/04/2565,12:00:00,kubota,white,ป้าย 101,กรุงเทพมหานคร
9/04/2565,12:00:00,kubota,white,ป้าย 101,กรุงเทพมหานคร
9/04/2565,12:00:00,kubota,white,ป้าย 101,กรุงเทพมหานคร
9/04/2565,12:00:00,kubota,white,ป้าย 101,กรุงเทพมหานคร
9/04/2565,12:00:00,kubota,white,ป้าย 101,กรุงเทพมหานคร
9/04/2565,12:00:00,kubota,white,ป้าย 101,กรุงเทพมหานคร
9/04/2565,12:00:00,kubota,white,ป้าย 101,กรุงเทพมหานคร
9/04/2565,12:00:00,kubota,white,ป้าย 101,กรุงเทพมหานคร
9/04/2565,12:00:00,kubota,white,ป้าย 101,กรุงเทพมหานคร
9/04/2565,12:00:00,kubota,white,ป้าย 101,กรุงเทพมหานคร
9/04/2565,12:00:00,kubota,white,ป้าย 101,กรุงเทพมหานคร
9/04/2565,12:00:00,kubota,white,ป้าย 101,กรุงเทพมหานคร
9/04/2565,12:00:00,kubota,white,ป้าย 101,กรุงเทพมหานคร
9/04/2565,12:00:00,kubota,white,ป้าย 101,กรุงเทพมหานคร
9/04/2565,12:00:00,kubota,white,ป้าย 101,กรุงเทพมหานคร
9/04/2565,12:00:00,kubota,white,ป้าย 101,กรุงเทพมหานคร
9/04/2565,12:00:00,kubota,white,ป้าย 101,กรุงเทพมหานคร
9/04/2565,12:00:00,kubota,white,ป้าย 101,กรุงเทพมหานคร
9/04/2565,12:00:00,kubota,white,ป้าย 101,กรุงเทพมหานคร
9/04/2565,12:00:00,kubota,white,ป้าย 101,กรุงเทพมหานคร
9/04/2565,12:00:00,kubota,white,ป้าย 101,กรุงเทพมหานคร
9/04/2565,12:00:00,kubota,white,ป้าย 101,กรุงเทพมหานคร
9/04/2565,12:00:00,kubota,white,ป้าย 101,กรุงเทพมหานคร
9/04/2565,12:00:00,kubota,white,ป้าย 101,กรุงเทพมหานคร
9/04/2565,12:00:00,kubota,white,ป้าย 101,กรุงเทพมหานคร
9/04/2565,12:00:00,kubota,white,ป้าย 101,กรุงเทพมหานคร
9/04/2565,12:00:00,kubota,white,ป้าย 101,กรุงเทพมหานคร
9/04/2565,12:00:00,kubota,white,ป้าย 101,กรุงเทพมหานคร
9/04/2565,12:00:00,kubota,white,ป้าย 101,กรุงเทพมหานคร
9/04/2565,12:00:00,kubota,white,ป้าย 101,กรุงเทพมหานคร
9/04/2565,12:00:00,kubota,white,ป้าย 101,กรุงเทพมหานคร
9/04/2565,12:00:00,kubota,white,ป้าย 101,กรุงเทพมหานคร
9/04/2565,12:00:00,kubota,white,ป้าย 101,กรุงเทพมหานคร
9/04/2565,12:00:00,kubota,white,ป้าย 101,กรุงเทพมหานคร
9/04/2565,12:00:00,kubota,white,ป้าย 101,กรุงเทพมหานคร
9/04/2565,12:00:00,kubota,white,ป้าย 101,กรุงเทพมหานคร
9/04/2565,12:00:00,kubota,white,ป้าย 101,กรุงเทพมหานคร
9/04/2565,12:00:00,kubota,white,ป้าย 101,กรุงเทพมหานคร
9/04/2565,12:00:00,kubota,white,ป้าย 101,กรุงเทพมหานคร
9/04/2565,12:00:00,kubota,white,ป้าย 101,กรุงเทพมหานคร
9/04/2565,12:00:00,kubota,white,ป้าย 101,กรุงเทพมหานคร
9/04/2565,12:00:00,kubota,white,ป้าย 101,กรุงเทพมหานคร
9/04/2565,12:00:00,kubota,white,ป้าย 101,กรุงเทพมหานคร
9/04/2565,12:00:00,kubota,white,ป้าย 101,กรุงเทพมหานคร
9/04/2565,12:00:00,kubota,white,ป้าย 101,กรุงเทพมหานคร
9/04/2565,12:00:00,kubota,white,ป้าย 101,กรุงเทพมหานคร
9/04/2565,12:00:00,kubota,white,ป้าย 101,กรุงเทพมหานคร
9/04/2565,12:00:00,kubota,white,ป้าย 101,กรุงเทพมหานคร
9/04/2565,12:00:00,kubota,white,ป้าย 101,กรุงเทพมหานคร
9/04/2565,12:00:00,kubota,white,ป้าย 101,กรุงเทพมหานคร
9/04/2565,12:00:00,kubota,white,ป้าย 101,กรุงเทพมหานคร
9/04/2565,12:00:00,TOYOTA,white,123,กรุงเทพ
9/04/2565,12:00:00,kubota,white,ป้าย 101,กรุงเทพมหานคร
9/04/2565,12:00:00,kubota,white,ป้าย 101,กรุงเทพมหานคร
9/04/2565,12:00:00,kubota,white,ป้าย 101,กรุงเทพมหานคร
9/04/2565,12:00:00,kubota,white,ป้าย 101,กรุงเทพมหานคร
9/04/2565,12:00:00,kubota,white,ป้าย 101,กรุงเทพมหานคร
9/04/2565,12:00:00,kubota,white,ป้าย 101,กรุงเทพมหานคร
9/04/2565,12:00:00,kubota,white,ป้าย 101,กรุงเทพมหานคร
9/04/2565,12:00:00,kubota,white,ป้าย 101,กรุงเทพมหานคร
9/04/2565,12:00:00,kubota,white,ป้าย 101,กรุงเทพมหานคร
9/04/2565,12:00:00,kubota,white,ป้าย 101,กรุงเทพมหานคร
9/04/2565,12:00:00,kubota,white,ป้าย 101,กรุงเทพมหานคร
9/04/2565,12:00:00,kubota,white,ป้าย 101,กรุงเทพมหานคร
9/04/2565,12:00:00,kubota,white,ป้าย 101,กรุงเทพมหานคร
9/04/2565,12:00:00,kubota,white,ป้าย 101,กรุงเทพมหานคร
9/04/2565,12:00:00,kubota,white,ป้าย 101,กรุงเทพมหานคร
9/04/2565,12:00:00,TOYOTA,white,123,กรุงเทพ
9/04/2565,12:00:00,TOYOTA,white,123,กรุงเทพ
9/04/2565,12:00:00,TOYOTA,white,123,กรุงเทพ
9/04/2565,12:00:00,TOYOTA,white,123,กรุงเทพ
9/04/2565,12:00:00,TOYOTA,white,123,กรุงเทพ
9/04/2565,12:00:00,TOYOTA,white,123,กรุงเทพ
9/04/2565,12:00:00,TOYOTA,white,123,กรุงเทพ
9/04/2565,12:00:00,TOYOTA,white,123,กรุงเทพ
9/04/2565,12:00:00,TOYOTA,white,123,กรุงเทพ
9/04/2565,12:00:00,TOYOTA,white,123,กรุงเทพ
9/04/2565,12:00:00,TOYOTA,white,123,กรุงเทพ
9/04/2565,12:00:00,TOYOTA,white,123,กรุงเทพ
9/04/2565,12:00:00,TOYOTA,white,123,กรุงเทพ
9/04/2565,12:00:00,TOYOTA,white,123,กรุงเทพ
9/04/2565,12:00:00,TOYOTA,white,123,กรุงเทพ
9/04/2565,12:00:00,TOYOTA,white,123,กรุงเทพ
9/04/2565,12:00:00,TOYOTA,white,123,กรุงเทพ
9/04/2565,12:00:00,TOYOTA,white,123,กรุงเทพ
9/04/2565,12:00:00,TOYOTA,white,123,กรุงเทพ
9/04/2565,12:00:00,TOYOTA,white,123,กรุงเทพ
9/04/2565,12:00:00,TOYOTA,white,123,กรุงเทพ
9/04/2565,12:00:00,TOYOTA,white,123,กรุงเทพ
9/04/2565,12:00:00,TOYOTA,white,123,กรุงเทพ
9/04/2565,12:00:00,TOYOTA,white,123,กรุงเทพ
9/04/2565,12:00:00,TOYOTA,white,123,กรุงเทพ
9/04/2565,12:00:00,TOYOTA,white,123,กรุงเทพ
9/04/2565,12:00:00,TOYOTA,white,123,กรุงเทพ
9/04/2565,12:00:00,TOYOTA,white,123,กรุงเทพ
9/04/2565,12:00:00,TOYOTA,white,123,กรุงเทพ
9/04/2565,12:00:00,TOYOTA,white,123,กรุงเทพ
9/04/2565,12:00:00,TOYOTA,white,123,กรุงเทพ
9/04/2565,12:00:00,TOYOTA,white,123,กรุงเทพ
9/04/2565,12:00:00,TOYOTA,white,123,กรุงเทพ
9/04/2565,12:00:00,TOYOTA,white,123,กรุงเทพ
9/04/2565,12:00:00,TOYOTA,white,123,กรุงเทพ
9/04/2565,12:00:00,TOYOTA,white,123,กรุงเทพ
9/04/2565,12:00:00,TOYOTA,white,123,กรุงเทพ
9/04/2565,12:00:00,TOYOTA,white,123,กรุงเทพ
9/04/2565,12:00:00,TOYOTA,white,123,กรุงเทพ
9/04/2565,12:00:00,TOYOTA,white,123,กรุงเทพ
9/04/2565,12:00:00,TOYOTA,white,123,กรุงเทพ
9/04/2565,12:00:00,TOYOTA,white,123,กรุงเทพ
9/04/2565,12:00:00,TOYOTA,white,123,กรุงเทพ
9/04/2565,12:00:00,TOYOTA,white,123,กรุงเทพ
9/04/2565,12:00:00,TOYOTA,white,123,กรุงเทพ
9/04/2565,12:00:00,TOYOTA,white,123,กรุงเทพ
9/04/2565,12:00:00,TOYOTA,white,123,กรุงเทพ
9/04/2565,12:00:00,TOYOTA,white,123,กรุงเทพ
9/04/2565,12:00:00,TOYOTA,white,123,กรุงเทพ
9/04/2565,12:00:00,TOYOTA,white,123,กรุงเทพ
9/04/2565,12:00:00,TOYOTA,white,123,กรุงเทพ
9/04/2565,12:00:00,TOYOTA,white,123,กรุงเทพ
9/04/2565,12:00:00,TOYOTA,white,123,กรุงเทพ
9/04/2565,12:00:00,TOYOTA,white,123,กรุงเทพ
9/04/2565,12:00:00,TOYOTA,white,123,กรุงเทพ
9/04/2565,12:00:00,TOYOTA,white,123,กรุงเทพ
9/04/2565,12:00:00,TOYOTA,white,123,กรุงเทพ
9/04/2565,12:00:00,TOYOTA,white,123,กรุงเทพ
9/04/2565,12:00:00,TOYOTA,white,123,กรุงเทพ
9/04/2565,12:00:00,TOYOTA,white,123,กรุงเทพ
9/04/2565,12:00:00,TOYOTA,white,123,กรุงเทพ
9/04/2565,12:00:00,TOYOTA,white,123,กรุงเทพ
9/04/2565,12:00:00,TOYOTA,white,123,กรุงเทพ
9/04/2565,12:00:00,TOYOTA,white,123,กรุงเทพ
9/04/2565,12:00:00,TOYOTA,white,123,กรุงเทพ
9/04/2565,12:00:00,TOYOTA,white,123,กรุงเทพ
9/04/2565,12:00:00,TOYOTA,white,123,กรุงเทพ
9/04/2565,12:00:00,TOYOTA,white,123,กรุงเทพ
9/04/2565,12:00:00,TOYOTA,white,123,กรุงเทพ
9/04/2565,12:00:00,TOYOTA,white,123,กรุงเทพ
9/04/2565,12:00:00,TOYOTA,white,123,กรุงเทพ
9/04/2565,12:00:00,TOYOTA,white,123,กรุงเทพ
9/04/2565,12:00:00,TOYOTA,white,123,กรุงเทพ
9/04/2565,12:00:00,TOYOTA,white,123,กรุงเทพ
9/04/2565,12:00:00,TOYOTA,white,123,กรุงเทพ
9/04/2565,12:00:00,TOYOTA,white,123,กรุงเทพ
9/04/2565,12:00:00,TOYOTA,white,123,กรุงเทพ
9/04/2565,12:00:00,TOYOTA,white,123,กรุงเทพ
9/04/2565,12:00:00,TOYOTA,white,123,กรุงเทพ
9/04/2565,12:00:00,TOYOTA,white,123,กรุงเทพ
9/04/2565,12:00:00,TOYOTA,white,123,กรุงเทพ
9/04/2565,12:00:00,TOYOTA,white,123,กรุงเทพ
9/04/2565,12:00:00,TOYOTA,white,123,กรุงเทพ
9/04/2565,12:00:00,TOYOTA,white,123,กรุงเทพ
9/04/2565,12:00:00,TOYOTA,white,123,กรุงเทพ
9/04/2565,12:00:00,TOYOTA,white,123,กรุงเทพ
9/04/2565,12:00:00,TOYOTA,white,123,กรุงเทพ
9/04/2565,12:00:00,TOYOTA,white,123,กรุงเทพ
9/04/2565,12:00:00,TOYOTA,white,123,กรุงเทพ
